Tool,URL,Description,Category,,
Liveuamap,http://liveuamap.com/,Interactive live map of conflict and news events.,News & Event Monitoring,,
Syriancivilwarmap.com,https://syriancivilwarmap.com/,A dedicated live map for the Syrian civil war.,News & Event Monitoring,,
Google Trends,https://trends.google.com/trends/,Analyze the popularity of search queries in Google Search.,News & Event Monitoring,,
Google Alerts,https://www.google.com/alerts,Get email notifications for new results on a topic.,News & Event Monitoring,,
ReliefWeb,https://reliefweb.int/,A humanitarian information service provided by the UN.,News & Event Monitoring,,
Amnesty News,https://www.amnesty.org/en/latest/news/,News and reports from Amnesty International.,News & Event Monitoring,,
NewsBrief,https://emm.newsbrief.eu/NewsBrief/clusteredition/en/latest.html,European Media Monitor news aggregator.,News & Event Monitoring,,
Tails OS,https://tails.boum.org/,"A live operating system that you can start on almost any computer from a USB stick or a DVD, routing all internet traffic through Tor.",OPSEC & Privacy,,
Kodachi Linux,https://www.digi77.com/,"An OS based on Debian that provides a secure, anti-forensic, and anonymous operating system.",OPSEC & Privacy,,
Trace Labs OSINT VM,https://tracelabs.org/initiatives/osint-vm,A specialized Linux VM pre-loaded with OSINT tools.,OPSEC & Privacy,,
The Tor Project,https://www.torproject.org/,"The official source for the Tor Browser, which anonymizes your web traffic using the Tor network.",OPSEC & Privacy,,
ProtonVPN,https://protonvpn.com/,A reputable VPN service with a strong focus on privacy and security.,OPSEC & Privacy,,
WireGuard,https://www.wireguard.com/,"A modern, fast, and secure VPN tunnel.",OPSEC & Privacy,,
Streisand,https://github.com/StreisandEffect/streisand,A script that sets up a new server running a variety of anti-censorship services.,OPSEC & Privacy,,
ProxySite.com,https://www.proxysite.com/,A free web-based proxy service.,OPSEC & Privacy,,
1.1.1.1,https://1.1.1.1/dns/,"A free, privacy-focused DNS resolver from Cloudflare.",OPSEC & Privacy,,
VeraCrypt,https://www.veracrypt.fr/en/Home.html,A powerful open-source tool for on-the-fly disk encryption.,OPSEC & Privacy,,
KeePassXC,https://keepassxc.org/,"An open-source, cross-platform password manager.",OPSEC & Privacy,,
Bitwarden,https://bitwarden.com/,A popular open-source password manager with cloud and self-hosting options.,OPSEC & Privacy,,
Have I Been Pwned: Pwned Passwords,https://haveibeenpwned.com/Passwords,Check if a password has appeared in a data breach.,OPSEC & Privacy,,
DeHashed,https://www.dehashed.com/,A tool to search for your credentials in breached databases.,OPSEC & Privacy,,
DBAN - Darik's Boot And Nuke,https://dban.org/,A tool for securely wiping entire hard drives.,OPSEC & Privacy,,
BleachBit,https://www.bleachbit.org/,A tool to cleaning your system and shredding files.,OPSEC & Privacy,,
pfSense,https://www.pfsense.org/,"A powerful, open-source firewall and router platform.",OPSEC & Privacy,,
Brave Browser,https://brave.com/,A privacy-focused browser with a built-in ad and tracker blocker.,OPSEC & Privacy,,
Firefox,https://www.mozilla.org/nb-NO/,A popular open-source browser with strong privacy features.,OPSEC & Privacy,,
Cover Your Tracks (EFF),https://coveryourtracks.eff.org/,Test your browser's protection against tracking and fingerprinting.,OPSEC & Privacy,,
BrowserLeaks,https://browserleaks.com/,A suite of tests to see what personal data your browser is leaking.,OPSEC & Privacy,,
AmIUnique,https://amiunique.org/,View and compare your browser fingerprint with a large dataset.,OPSEC & Privacy,,
IP/DNS Leak Test,https://ipleak.net/,"A comprehensive tool to check for IP, DNS, and WebRTC leaks.",OPSEC & Privacy,,
Privacy Badger,https://privacybadger.org/,An EFF browser extension that automatically learns to block invisible trackers.,OPSEC & Privacy,,
uBlock Origin,https://github.com/gorhill/uBlock#ublock-origin,"An efficient, wide-spectrum content blocker.",OPSEC & Privacy,,
VirusTotal,https://www.virustotal.com/gui/,"An online service that analyzes files and URLs for viruses, worms, and trojans.",OPSEC & Privacy,,
Hybrid-Analysis,https://www.hybrid-analysis.com/,A free malware analysis service powered by CrowdStrike.,OPSEC & Privacy,,
urlscan.io,https://urlscan.io/,A free service to scan and analyze websites.,OPSEC & Privacy,,
Malwarebytes,https://www.malwarebytes.com/,A popular anti-malware software.,OPSEC & Privacy,,
Messageheader (Google),https://toolbox.googleapps.com/apps/messageheader/,Analyze email headers to trace origin and check for spoofing.,OPSEC & Privacy,,
Jigsaw's Phishing Quiz,https://phishingquiz.withgoogle.com/,A quiz to test your ability to spot phishing emails.,OPSEC & Privacy,,
Oracle VM VirtualBox,https://www.oracle.com/virtualization/virtualbox/,A free and open-source hypervisor for x86 virtualization.,OPSEC & Privacy,,
VMware Workstation Player,https://www.vmware.com/products/workstation-player.html,A free virtualization software for non-commercial use.,OPSEC & Privacy,,
Genymotion,https://www.genymotion.com/,An Android emulator for running Android virtual devices.,OPSEC & Privacy,,
Telegram,https://web.telegram.org/#/login,A popular messaging app with optional end-to-end encrypted chats.,Social Media Intelligence,,
Matrix,https://matrix.org/,"An open network for secure, decentralized communication.",OPSEC & Privacy,,
Keybase,https://keybase.io/,A service for managing online identities and encrypted communication.,OPSEC & Privacy,,
SecureDrop,https://securedrop.org/,An open-source whistleblower submission system.,OPSEC & Privacy,,
Gpg4win,https://gpg4win.org/index.html,A software suite for email and file encryption on Windows using PGP.,OPSEC & Privacy,,
PrivacyTools.io,https://www.privacytools.io/,"Provides services, tools, and knowledge to protect your privacy against global mass surveillance.",OPSEC & Privacy,,
Surveillance Self-Defense (EFF),https://ssd.eff.org/en,The Electronic Frontier Foundation's guide to defending yourself from surveillance.,OPSEC & Privacy,,
Security in a Box,https://securityinabox.org/en/,A guide to digital security for activists and human rights defenders.,OPSEC & Privacy,,
Social-Engineer.org,https://www.social-engineer.org/,"A site focused on the art and science of ""human hacking."".",OPSEC & Privacy,,
Blacklight Real-Time Website Privacy Inspector,https://themarkup.org/series/blacklight,A tool that scans a website for user-tracking technologies.,OPSEC & Privacy,,
Bellingcat's OSINT Toolkit,https://docs.google.com/document/d/1BfLPJpRtyq4RFtHJoNpvWQjmGnyVkfE2HYoICKOGguA/edit,A curated list of tools and resources.,Verification & Resources,,
OSINT Framework,https://osintframework.com/,A framework for organizing OSINT tools by category.,Verification & Resources,,
Verification Handbook,http://verificationhandbook.com/,The definitive guide for verifying digital content for emergency coverage.,Verification & Resources,,
Sector035,https://sector035.nl/articles/category:week-in-osint,"High-quality articles and the ""Week in OSINT"" newsletter.",News & Event Monitoring,,
NixIntel,https://nixintel.info/,A blog with in-depth OSINT tutorials and techniques.,Dark Web & Anonymity,,
OSINTCurious,https://osintcurio.us/,A blog and project dedicated to OSINT learning.,Verification & Resources,,
i-intelligence OSINT Handbook,https://i-intelligence.eu/uploads/public-documents/OSINT_Handbook_2020.pdf,A comprehensive PDF handbook on OSINT methods.,Verification & Resources,,
Web Archive,https://archive.org/web/,The Wayback Machine for viewing historical versions of websites.,Dark Web & Anonymity,,
Archive.today,http://archive.today/,An archive site that captures snapshots of web pages.,Verification & Resources,,
Google Images,https://images.google.com/,Reverse image search.,Image & Video Analysis,,
Yandex Images,https://yandex.com/images/,"Excellent reverse image search, especially for faces and locations.",Geospatial & Maps,,
Baidu Images,https://image.baidu.com/,Chinese reverse image search engine.,Image & Video Analysis,,
Bing Images,https://www.bing.com/?scope=images&nr=1&FORM=NOFORM,Reverse image search from Microsoft.,Image & Video Analysis,,
TinEye,https://www.tineye.com/,"The original reverse image search, good for finding a source and modifications.",Image & Video Analysis,,
Google Lens,https://lens.google.com/,Uses AI to identify objects and text in images.,Image & Video Analysis,,
Pimeyes,https://pimeyes.com/en/,A powerful facial recognition search engine.,Image & Video Analysis,,
Jeffrey Friedl's Image Metadata Viewer,http://exif.regex.info/exif.cgi,In-depth EXIF and metadata viewer.,Image & Video Analysis,,
FotoForensics,http://fotoforensics.com/,Provides Error Level Analysis (ELA) to detect image manipulation.,Image & Video Analysis,,
Forensically,https://2a.ch/photo-forensics/,A set of free tools for digital image forensics.,Image & Video Analysis,,
InVID Video Verification Plugin,https://www.invid-project.eu/tools-and-services/invid-verification-plugin/,A browser extension for analyzing and verifying video content.,Image & Video Analysis,,
Amnesty YouTube DataViewer,http://citizenevidence.amnestyusa.org/,Extracts metadata and thumbnails from YouTube videos for verification.,Image & Video Analysis,,
WatchFrameByFrame,http://www.watchframebyframe.com/,Analyze YouTube videos frame by frame.,Image & Video Analysis,,
FDownloader,https://fdownloader.net/en,Download videos from Facebook.,Social Media Intelligence,,
Flightradar24,https://www.flightradar24.com/51.47,7.14/7,Geospatial & Maps,,
FlightAware,http://uk.flightaware.com/,Flight tracking with historical data and alerts.,Geospatial & Maps,,
ADS-B Exchange,https://globe.adsbexchange.com/,"Unfiltered flight data, including military and private aircraft.",Geospatial & Maps,,
The OpenSky Network,https://opensky-network.org/network/explorer,Global community-based receiver network for flight data.,Geospatial & Maps,,
VesselFinder,https://www.vesselfinder.com/,Real-time ship tracking data with vessel information.,Geospatial & Maps,,
MarineTraffic,http://www.marinetraffic.com/en/ais/home/centerx:-12.0/centery:25.0/zoom:4,Live maritime vessel tracking and port data.,Geospatial & Maps,,
myShipTracking,https://www.myshiptracking.com/,Live AIS vessel tracking.,Geospatial & Maps,,
FleetMon,https://www.fleetmon.com/,"Vessel tracking, port information, and maritime news.",News & Event Monitoring,,
OpenRailwayMap,http://www.openrailwaymap.org/,A detailed map of the world's railway infrastructure.,Geospatial & Maps,,
Tails,https://tails.boum.org/,Tails OS,OPSEC & Privacy,,
USB Pen Drive Linux,https://www.pendrivelinux.com/,OS USB Installer,OPSEC & Privacy,,
WebOProxy,https://weboproxy.com/,WebOProxy,OPSEC & Privacy,,
Proxifier,https://www.proxifier.com/,Proxifier,OPSEC & Privacy,,
Free Web Proxy,https://www.hidemyass.com/proxy,Proxy,OPSEC & Privacy,,
Privoxy,https://www.privoxy.org/,Proxy,OPSEC & Privacy,,
Technitium MAC Address Changer,https://technitium.com/tmac/,MAC Address Changer,OPSEC & Privacy,,
Proton Drive,https://protonmail.com/blog/proton-drive-early-access/,Encrypted cloud storage is available in beta,OPSEC & Privacy,,
SpiderOak One Backup,https://spideroak.com/one/,SpiderOak One Backup | SpiderOak,OPSEC & Privacy,,
Dashlane,https://www.dashlane.com/lp/neverforget-cj,Password Manager,OPSEC & Privacy,,
LastPass,https://www.lastpass.com/security/staying-secure-online,Password Manager,OPSEC & Privacy,,
KeePass,https://keepass.info/,KeePass,OPSEC & Privacy,,
Fileshredder,https://fileshredder.org/,Data Wiping,OPSEC & Privacy,,
Darik's Boot And Nuke,https://dban.org/,Data Wiping,OPSEC & Privacy,,
Eraser,https://eraser.heidi.ie/,Eraser – Secure Erase Files from Hard Drives,OPSEC & Privacy,,
Privacy Test & Analyzer,https://privacy.net/analyzer/,See what information websites know about you,OPSEC & Privacy,,
Qualys BrowserCheck,https://browsercheck.qualys.com/,Qualys BrowserCheck,OPSEC & Privacy,,
Cloudflare Browsing Experience Security Check,https://www.cloudflare.com/nb-no/ssl/encrypted-sni/,Browsing Experience Security Check,OPSEC & Privacy,,
Canvas Fingerprinting Test,https://browserleaks.com/canvas,Canvas Fingerprinting,OPSEC & Privacy,,
Cover Your Tracks,https://coveryourtracks.eff.org/,Cover Your Tracks - Browser tracking and fingerprinting,OPSEC & Privacy,,
IP/DNS Detect,https://ipleak.net/,IP/DNS Detect,OPSEC & Privacy,,
Surveillance Self-Defense,https://ssd.eff.org/en,OPSEC | Privacy Resources,OPSEC & Privacy,,
Riseup Digital Security,https://riseup.net/en/security,OPSEC | Privacy Resources,OPSEC & Privacy,,
F-Secure Free Online Scanner,https://www.f-secure.com/en/home/free-tools/online-scanner,Antivirus And Malware Online scanners,OPSEC & Privacy,,
Jotti's malware scan,https://virusscan.jotti.org/,Antivirus And Malware Online scanners,OPSEC & Privacy,,
PolySwarm,https://polyswarm.network/scan,Antivirus And Malware Online scanners,OPSEC & Privacy,,
GlassWire,https://www.glasswire.com/,GlassWire - Personal Firewall,OPSEC & Privacy,,
BrowserLeaks Test,https://browserleaks.com/,Browser / IP / DNS Leak Test,OPSEC & Privacy,,
Ipv6leak,https://ipv6leak.com/,Browser / IP / DNS Leak Test,OPSEC & Privacy,,
DNS leak test,https://www.dnsleaktest.com/,Browser / IP / DNS Leak Test,OPSEC & Privacy,,
Threat Intelligence Platform,https://threatintelligenceplatform.com/,Website Security,OPSEC & Privacy,,
Safe Browsing site status,https://transparencyreport.google.com/safe-browsing/search?hl=en,Website Security,OPSEC & Privacy,,
ONYPHE,https://www.onyphe.io/,Alternativ Website Security Search,OPSEC & Privacy,,
ThreatMiner,https://www.threatminer.org/,Alternativ Website Security Search,OPSEC & Privacy,,
URLVoid,https://www.urlvoid.com/,Alternativ Website Security Search,OPSEC & Privacy,,
MXtoolbox,https://mxtoolbox.com/,Alternativ Website Security Search,OPSEC & Privacy,,
Checkphish,https://checkphish.ai/,Alternativ Website Security Search,OPSEC & Privacy,,
VM VirtualBox,https://www.oracle.com/virtualization/virtualbox/,hypervisor (Virtial Machine monitor),OPSEC & Privacy,,
VMware - Workstation Player,https://www.vmware.com/products/workstation-player.html,hypervisor (Virtial Machine monitor),OPSEC & Privacy,,
Genymotion – Android Emulator,https://www.genymotion.com/,Android and iOS Emulator,OPSEC & Privacy,,
Bluestacks,https://www.bluestacks.com/,Android and iOS Emulator,OPSEC & Privacy,,
Kodachi The Secure OS,https://www.digi77.com/,OS Systems,OPSEC & Privacy,,
Blacklight - The Markup,https://themarkup.org/series/blacklight,Real-Time Website Privacy Inspector,OPSEC & Privacy,,
Mozilla - Firefox,https://www.mozilla.org/nb-NO/,Internet Browsers,OPSEC & Privacy,,
Duck Duck Go,https://duckduckgo.com/,Private Search Engine,OPSEC & Privacy,,
Startpage,https://startpage.com/,Private Search Engine,OPSEC & Privacy,,
HTTPS Everywhere,https://www.eff.org/httpss-everywhere,Firefox Addons,OPSEC & Privacy,,
uBlock,https://github.com/gorhill/uBlock#ublock-origin,Firefox Addons,OPSEC & Privacy,,
Crxcavator.io,https://crxcavator.io/,Chrome Extension ID scan,OPSEC & Privacy,,
Telegram Web,https://web.telegram.org/#/login,Encrypted Communication,Social Media Intelligence,,
Wickr,https://wickr.com/,The Most Secure Video Conferencing & Collaboration Platform,OPSEC & Privacy,,
Safenote,https://safenote.co/,Secure way to share notes and files,OPSEC & Privacy,,
GPG Suite,https://gpgtools.org/,MAC - Pretty Good Privacy (PGP),OPSEC & Privacy,,
The GNU Privacy Guard,https://gnupg.org/,Pretty Good Privacy (PGP),OPSEC & Privacy,,
mat2,https://0xacab.org/jvoisin/mat2,Remove Meta Data,OPSEC & Privacy,,
Check Short URL,https://checkshorturl.com/,Shorten Links and URL (SECURITY),OPSEC & Privacy,,
unfurl,https://dfir.blog/unfurl/,Short-link Expansion Tools,OPSEC & Privacy,,
Disposable SMS services,https://github.com/AnarchoTechNYC/meta/wiki/Disposable-SMS-services,Online Phone Number / SMS,OPSEC & Privacy,,
Oracle VM VirtualBox,https://www.virtualbox.org/,virtual machine software,OPSEC & Privacy,,
Secure Messaging Apps Comparison,https://www.securemessagingapps.com/,Chart Secure Messaging Apps,OPSEC & Privacy,,
Viewdns Whois,https://viewdns.info/whois/,Whois Search,Domain & IP Intelligence,,
Reverse Whois Lookup,https://viewdns.info/reversewhois/,Whois Search,Domain & IP Intelligence,,
Whois Domain Lookup,https://www.whois.com/whois/,Whois Search,Domain & IP Intelligence,,
Whois. DomainTools,https://whois.domaintools.com/,Whois Search,Domain & IP Intelligence,,
Reverse IP Lookup,https://viewdns.info/reverseip/,Reverse IP Search,Domain & IP Intelligence,,
Viewdns Port Scanner,https://viewdns.info/portscan/,DNS Port Scanner,Domain & IP Intelligence,,
IP History,https://viewdns.info/iphistory/,DNS IP History,Domain & IP Intelligence,,
DNS History,https://completedns.com/dns-history/,DNS IP History,Domain & IP Intelligence,,
Iplocation,https://iplocation.com/,IP Addresses,Geospatial & Maps,,
BGPview,https://bgpview.io/,IP Addresses,Domain & IP Intelligence,,
IPLocationTools,https://www.ipaddressguide.com/,IP Addresses,Geospatial & Maps,,
IP2Location (Free Demo Mode),https://www.ip2location.com/demo,IP Addresses,Geospatial & Maps,,
IP Locator,https://www.ipfingerprints.com/,IP Addresses,Domain & IP Intelligence,,
IP Address API and Data Solutions,https://ipinfo.io/,IP Addresses,Domain & IP Intelligence,,
IP Location Finder,https://www.iplocation.net/,IP Addresses,Geospatial & Maps,,
AbuseIPDB,https://www.abuseipdb.com/,IP Abuse and Blacklist Check,Domain & IP Intelligence,,
Scamalytics,https://scamalytics.com/,IP Abuse and Blacklist Check,Domain & IP Intelligence,,
Cisco Talos Intelligence Group,https://www.talosintelligence.com/,IP Abuse and Blacklist Check,Domain & IP Intelligence,,
IPVoid - Blacklist Check,https://www.ipvoid.com/ip-blacklist-check/,IP Abuse and Blacklist Check,Domain & IP Intelligence,,
IPSpamList - IP Lookup,https://www.ipspamlist.com/ip-lookup/,IP Abuse and Blacklist Check,Domain & IP Intelligence,,
ApiVoid - IP Reputation/Blacklist Check,https://www.apivoid.com/tools/ip-reputation-check/,IP Abuse and Blacklist Check,Domain & IP Intelligence,,
BrightCloud URL/IP Lookup,https://www.brightcloud.com/tools/url-ip-lookup.php,IP Abuse and Blacklist Check,Domain & IP Intelligence,,
Palo Alto Networks URL filtering,https://urlfiltering.paloaltonetworks.com/,Check / Test Website reputation and categorization,Domain & IP Intelligence,,
Trend Micro Site Safety Center,https://global.sitesafety.trendmicro.com/,Check / Test Website reputation and categorization,Uncategorized,,
McAfee Check Single URL,https://sitelookup.mcafee.com/,Check / Test Website reputation and categorization,Uncategorized,,
Free IPv6 Tools,https://www.ultratools.com/ipv6Tools,IP v6 Tools,Domain & IP Intelligence,,
MAC Address and OUI Lookup,https://aruljohn.com/mac.pl,MAC Address Lookup Tools,Domain & IP Intelligence,,
Viewdns MAC Address Lookup,https://viewdns.info/maclookup/,MAC Address Lookup Tools,Domain & IP Intelligence,,
ICANN Lookup,https://lookup.icann.org/,Domain Names & IP Search Alternitives,Domain & IP Intelligence,,
IPVOID,https://www.ipvoid.com/,Domain Names & IP Search Alternitives,Domain & IP Intelligence,,
DNSlytics,https://dnslytics.com/,Domain Names & IP Search Alternitives,Domain & IP Intelligence,,
SecurityTrails,https://securitytrails.com/,Domain Names & IP Search Alternitives,Domain & IP Intelligence,,
ViewDNS,https://viewdns.info/,Domain Names & IP Search Alternitives,Domain & IP Intelligence,,
Netcraft - DNS,https://searchdns.netcraft.com/,Domain Names & IP Search Alternitives,Domain & IP Intelligence,,
Whoxy,https://www.whoxy.com/,Domain Names & IP Search Alternitives,Domain & IP Intelligence,,
Google cache Search,http://webcache.googleusercontent.com/search?q=cache:Addwebsitehere,Website Visual Search,Uncategorized,,
Archive.vn,https://archive.vn/,Website Visual Search,Uncategorized,,
Internet Archive,https://archive.org/,Website Visual Search,Uncategorized,,
Time Travel,http://timetravel.mementoweb.org/,Website Visual Search,Uncategorized,,
Carbon Dating The Web,http://carbondate.cs.odu.edu/,Website Visual Search,Uncategorized,,
Library of Congress Web Archives,https://webarchive.loc.gov/,Website Visual Search,Uncategorized,,
Urlscan (See Historical Snapshot),https://urlscan.io/,Website Visual Search,Dark Web & Anonymity,,
Follow That Page,https://followthatpage.com/,Website Live Tracking,Uncategorized,,
Visual Ping,https://visualping.io/,Website Live Tracking,Uncategorized,,
SpyOnWeb,https://spyonweb.com/,Domain Analytics,Domain & IP Intelligence,,
Censys,https://search.censys.io/,Domain Analytics,Domain & IP Intelligence,,
Intelligence X,https://intelx.io/,Domain Analytics,Domain & IP Intelligence,,
Analyzeid,https://analyzeid.com/,Domain Analytics,Domain & IP Intelligence,,
The Web Robots Pages,https://www.robotstxt.org/,Domain Analytics,Domain & IP Intelligence,,
Domain IQ,https://www.domainiq.com/,Domain Analytics,Domain & IP Intelligence,,
Find Subdomains Online,https://pentest-tools.com/information-gathering/find-subdomains-of-domain#,Find Subdomains,Domain & IP Intelligence,,
CRT Search Subdomain,https://crt.sh/,Find Subdomains,Domain & IP Intelligence,,
Backlink Checker,https://smallseotools.com/backlink-checker/,Backlink Checker / Link Analysis,Uncategorized,,
Free Link Analysis Tool,https://www.openlinkprofiler.org/,Backlink Checker / Link Analysis,Uncategorized,,
External Link Checker Tool,https://www.crawlcenter.com/external-link-checker,Backlink Checker / Link Analysis,Uncategorized,,
Moz Link Explorer,https://moz.com/link-explorer,Backlink Checker / Link Analysis,Uncategorized,,
Backlinks Checker Tool,http://backlinkwatch.com/index.php,Backlink Checker / Link Analysis,Uncategorized,,
Sites Like,https://www.siteslike.com/,Similar Sites Search,Uncategorized,,
Similar Sites,https://www.similarsites.com/,Similar Sites Search,Uncategorized,,
Similar Site Search,https://www.similarsitesearch.com/,Similar Sites Search,Uncategorized,,
Sitelike,https://www.sitelike.org/,Similar Sites Search,Uncategorized,,
SiteLinks - Similar Webs and BackLinks,https://www.sitelinks.info/,Similar Sites Search,Uncategorized,,
Website Outlook,https://www.websiteoutlook.com/,Search Engine Marketing Tools,Uncategorized,,
SpyFu,https://www.spyfu.com/,Search Engine Marketing Tools,Uncategorized,,
Moonsearch SEO Analysis,http://moonsearch.com/,Search Engine Marketing Tools,Uncategorized,,
Website Informer,https://website.informer.com/,Search Engine Marketing Tools,Uncategorized,,
Alexa - Find Similar Sites,https://www.alexa.com/find-similar-sites,Search Engine Marketing Tools,Uncategorized,,
Alexa - Competitive Analysis,https://www.alexa.com/siteinfo,Search Engine Marketing Tools,Uncategorized,,
SimilarWeb,https://www.similarweb.com/,Search Engine Marketing Tools,Uncategorized,,
Redirect Detective,https://redirectdetective.com/index.html,Redirect Detective,Uncategorized,,
Censys Certificates,https://search.censys.io/,HTTP/SSL Certificates Search,Domain & IP Intelligence,,
Google Transparency Report SSL Certificate,https://transparencyreport.google.com/https/certificates,HTTP/SSL Certificates Search,Domain & IP Intelligence,,
Analyse your HTTP response headers,https://securityheaders.com/,HTTP/SSL Certificates Search,Domain & IP Intelligence,,
CRT - Certificate Search,https://crt.sh/,HTTP/SSL Certificates Search,Domain & IP Intelligence,,
Gnu wget - Website Copier,https://www.gnu.org/software/wget/,Download Websites and Links,Uncategorized,,
BlackWidow – SoftByte Labs,http://softbytelabs.com/wp/blackwidow/,Download Websites and Links,Uncategorized,,
Web Data Extractor,http://www.webextractor.com/wde.htm,Download Websites and Links,Dark Web & Anonymity,,
HTTrack Website Copier,https://www.httrack.com/,Download Websites and Links,Uncategorized,,
Link Extractor,https://www.webtoolhub.com/tn561364-link-extractor.aspx,Download Websites and Links,Dark Web & Anonymity,,
BulkdacheckerFree - URL Extractor,https://www.bulkdachecker.com/url-extractor/,Download Websites and Links,Dark Web & Anonymity,,
DNSlytics Monitoring services,https://dnslytics.com/monitoring,Domain Names Monitoring Services,Domain & IP Intelligence,,
DNS Performance,https://www.dnsperf.com/dns-speed-benchmark,DNS Speedtest,Domain & IP Intelligence,,
GRC's | DNS Nameserver Performance Benchmark,https://www.grc.com/dns/benchmark.htm,DNS Speedtest,Domain & IP Intelligence,,
Network Tools,https://network-tools.com/,Network Tools,Domain & IP Intelligence,,
WiGLE: Wireless Network Mapping,https://wigle.net/index,Network Tools,Domain & IP Intelligence,,
Hurricane Electric BGP Toolkit,https://bgp.he.net/,Network Tools,Domain & IP Intelligence,,
Router Passwords,https://www.routerpasswords.com/,Network Tools,Domain & IP Intelligence,,
CIRT - Default Passwords,https://cirt.net/passwords,Network Tools,Domain & IP Intelligence,,
Shodan,https://www.shodan.io/,Internet Of Thinks,Domain & IP Intelligence,,
Internet of Things Infographic,https://www.iacpcybercenter.org/resources-2/iot/,Internet Of Thinks,Domain & IP Intelligence,,
Visualsitemapper,http://www.visualsitemapper.com/,Visualization Tools,Uncategorized,,
Nerdy Data,https://www.nerdydata.com/,Technology Lookup / BuiltWith,Uncategorized,,
BuiltWith Technology Lookup,https://builtwith.com/,Technology Lookup / BuiltWith,Uncategorized,,
Wappalyzer - Technology lookup,https://www.wappalyzer.com/,Technology Lookup / BuiltWith,Uncategorized,,
Vulnerability Scanner,https://hackertarget.com/vulnerability-scanner/,Vulnerability and Exploit Search,Uncategorized,,
CVE Details,https://www.cvedetails.com/,Vulnerability and Exploit Search,Uncategorized,,
National Vulnerability Database,https://nvd.nist.gov/,Vulnerability and Exploit Search,Uncategorized,,
Common Vulnerabilities and Exposures,https://cve.mitre.org/,Vulnerability and Exploit Search,Uncategorized,,
SecurityFocus,https://www.securityfocus.com/vulnerabilities,Vulnerability and Exploit Search,Uncategorized,,
The Exploit Database,https://www.exploit-db.com/,Vulnerability and Exploit Search,Uncategorized,,
Packet Storm - Exploit Files,https://packetstormsecurity.com/files/tags/exploit/,Vulnerability and Exploit Search,Dark Web & Anonymity,,
Malicious IPs,https://www.projecthoneypot.org/list_of_ips.php,IP Block Lists,Domain & IP Intelligence,,
Blocklist.de - Fraud/Abuse-specialist,http://www.blocklist.de/en/index.html,IP Block Lists,Domain & IP Intelligence,,
FireHOL IP Blacklist,https://iplists.firehol.org/,IP Block Lists,Domain & IP Intelligence,,
Ipverse.net,http://ipverse.net/,IP Block Lists,Domain & IP Intelligence,,
Reverse Analytics ID,https://dnslytics.com/reverse-analytics,Reverse Google® Analytics,Uncategorized,,
Spyify Reverse Analytics,http://spyify.com/,Reverse Google® Analytics,Uncategorized,,
Reverse Analytics Search,https://hackertarget.com/reverse-analytics-search/,Reverse Google® Analytics,Uncategorized,,
DomainIQ - Reverse Google Analytics,https://www.domainiq.com/reverse_analytics,Reverse Google® Analytics,Domain & IP Intelligence,,
Public Buckets,https://osint.sh/buckets/,AWS S3 & Azure Buckets,Uncategorized,,
Bucket Finder,https://digi.ninja/projects/bucket_finder.php,AWS S3 & Azure Buckets,Uncategorized,,
Mobile-Friendly Test,https://search.google.com/test/mobile-friendly,Test website mobile friendly,Uncategorized,,
Firefox - Wappalyzer,https://addons.mozilla.org/nb-NO/firefox/addon/wappalyzer/,Browser Extensions,Extensions & Utilities,,
Crome - Wappalyzer,https://chrome.google.com/webstore/detail/wappalyzer/gppongmhjkpfnbhagpmjfkannfbllamg,Browser Extensions,Extensions & Utilities,,
Firefox - Link Gopher,https://addons.mozilla.org/nb-NO/firefox/addon/link-gopher/,Browser Extensions,Extensions & Utilities,,
Crome - Link Gopher,https://chrome.google.com/webstore/detail/link-gopher/bpjdkodgnbfalgghnbeggfbfjpcfamkf,Browser Extensions,Extensions & Utilities,,
Email Extractor,https://addons.mozilla.org/nb-NO/firefox/addon/mailshunt-email-extractor/,Browser Extensions,Dark Web & Anonymity,,
Mitaka Firefox,https://addons.mozilla.org/nb-NO/firefox/addon/mitaka/,Browser ExtensionsMitaka,Extensions & Utilities,,
Mitaka Chrome,https://chrome.google.com/webstore/detail/mitaka/bfjbejmeoibbdpfdbmbacmefcbannnbg,Browser ExtensionsMitaka,Extensions & Utilities,,
Torrent downloads and distributions for IP Addresses,https://iknowwhatyoudownload.com/en/peer/,I Now What You Download,Domain & IP Intelligence,,
SpamCop.net,https://www.spamcop.net/bl.shtml,Spam,Uncategorized,,
The Spamhaus Project,https://www.spamhaus.org/,Spam,Uncategorized,,
Hunter - Find Email Addresses,https://hunter.io/,Email Search,Uncategorized,,
VoilaNorbert,https://www.voilanorbert.com/,Email Search,Uncategorized,,
Email Address Finder,https://www.skymem.info/,Email Search,Uncategorized,,
Phonebook.cz Email Addresses,https://phonebook.cz/,Email Search,Uncategorized,,
Crome - Email Extractor,https://chrome.google.com/webstore/detail/email-extractor/jdianbbpnakhcmfkcckaboohfgnngfcc,Email Search,Dark Web & Anonymity,,
Email Sherlock,https://www.emailsherlock.com/,Email Search,Uncategorized,,
Email Hippo's Verify Email Address,https://tools.emailhippo.com/,Email Verifier,Domain & IP Intelligence,,
Email Verifier,https://hunter.io/email-verifier,Email Verifier,Uncategorized,,
Verify Email Address Online,https://verify-email.org/,Email Verifier,Uncategorized,,
Email Checker,https://email-checker.net/,Email Verifier,Uncategorized,,
Trumail,https://trumail.io/,Email Verifier,Uncategorized,,
Google Messageheader Analyzer,https://toolbox.googleapps.com/apps/messageheader/,Email Header Analyzer,Uncategorized,,
Complete email header analysis,https://www.iptrackeronline.com/email-header-analysis.php,Email Header Analyzer,Uncategorized,,
MX - Email Header Analyzer,https://mxtoolbox.com/EmailHeaders.aspx,Email Header Analyzer,Uncategorized,,
IP2Location Email Tracer,https://www.ip2location.com/free/email-tracer,Email Header Analyzer,Geospatial & Maps,,
Email Leak Tests,https://emailipleak.com/,Email Leak Test,Uncategorized,,
ProtonMail,https://protonmail.com/,Email Alternatives,Uncategorized,,
FastMail,https://www.fastmail.com/,Email Alternatives,Uncategorized,,
Tutanota,https://tutanota.com/,Email Alternatives,Uncategorized,,
SimpleLogin,https://simplelogin.io/,Email Alternatives,Uncategorized,,
Countermail,https://countermail.com/,Email Alternatives,Uncategorized,,
Mailfence,https://mailfence.com/,Email Alternatives,Uncategorized,,
MsgSafe - Most secure email,https://www.msgsafe.io/,Email Alternatives,OPSEC & Privacy,,
OJ/gobuster,https://github.com/OJ/gobuster,GitHub,Uncategorized,,
aboul3la/Sublist3r,https://github.com/aboul3la/Sublist3r,GitHub,Uncategorized,,
darryllane/Bluto,https://github.com/darryllane/Bluto,GitHub,Uncategorized,,
laramies/theHarvester,https://github.com/laramies/theHarvester,GitHub,Uncategorized,,
ElevenPaths/FOCA,https://github.com/ElevenPaths/FOCA,GitHub,Uncategorized,,
laramies/metagoofil,https://github.com/laramies/metagoofil,GitHub,Uncategorized,,
graniet/operative-framework,https://github.com/graniet/operative-framework,GitHub,Uncategorized,,
Investigating the source code of a website - OSINT Tips,https://www.aware-online.com/en/osint-tutorials/investigating-the-source-code-of-a-website/,OSINT Learning Website Source Code,Domain & IP Intelligence,,
Unveiling Hidden Connections with Google Analytics IDs,https://www.bellingcat.com/resources/how-tos/2015/07/23/unveiling-hidden-connections-with-google-analytics-ids/,OSINT Learning Website Source Code,Verification & Resources,,
Geolocating Mobile Phones based on IPs,https://keyfindings.blog/2020/07/05/geolocating-mobiles-phones-based-on-ips/,Investigate IP Geolocations Learning,Geospatial & Maps,,
12 OSINT Resources For E-mail Addresses,https://nixintel.info/osint/12-osint-resources-for-e-mail-addresses/,Email Search Learning,Verification & Resources,,
Phishing - Email Header Analysis,https://mlhale.github.io/nebraska-gencyber-modules/2021/phishing/email-headeranalysis/,Email Header Analysis,Verification & Resources,,
Spyse - A Search Engine For Recon,https://www.bluefireshadow.com/post/spyse-a-search-engine-to-recon,Domain Search Learning,Domain & IP Intelligence,,
GIJN Toolbox: SpyOnWeb,VirusTotal,and SpiderFoot HX,Uncategorized,,
After the GDPR: researching domain name registrations,https://osintcurio.us/2019/01/08/after-the-gdpr-researching-domain-name-registrations/,Domain Search Learning,Geospatial & Maps,,
Google Maps,https://www.google.com/maps,A familiar and powerful tool for exploring maps and satellite imagery.,Geospatial & Maps,,
Yandex Maps,https://yandex.com/maps,"A Russian mapping service with detailed satellite imagery, particularly in Eastern Europe.",Geospatial & Maps,,
Bellingcat OpenStreetMap Search,https://osm-search.bellingcat.com/,Bellingcat's custom search tool for OpenStreetMap which allows filtering by date.,Geospatial & Maps,,
Google Earth Pro,https://www.google.com/earth/versions/#earth-pro,"A desktop application with a range of powerful features, including the ability to view historical satellite imagery.",Geospatial & Maps,,
Sentinel Hub Playground,https://apps.sentinel-hub.com/sentinel-playground/,A web tool for browsing and analysing satellite imagery from the Sentinel mission.,Geospatial & Maps,,
Suncalc,https://www.suncalc.org,"A web tool that shows the sun's movement and sunlight phases for any given day, at any given location.",Geospatial & Maps,,
PeakVisor,https://peakvisor.com/,A web and mobile app that can identify mountain peaks from any location.,Geospatial & Maps,,
what3words,https://what3words.com/,A geocoding system that divides the world into 3-metre squares and assigns each a unique three-word address.,Geospatial & Maps,,
KartaView,https://kartaview.org/,"A platform for street-level imagery, with a focus on open and transparent data.",Geospatial & Maps,,
Mapillary,https://www.mapillary.com/,A platform with a large database of street-level imagery from around the world.,Geospatial & Maps,,
Google Lens,https://lens.google/,An AI-powered tool developed by Google that can identify objects and text in photos and videos.,Image & Video Analysis,,
TinEye,https://www.tineye.com,A reverse image search engine.,Image & Video Analysis,,
InVID,https://www.invid-project.eu/,A browser extension that offers a range of tools for verifying videos and images.,Image & Video Analysis,,
Forensically,https://29a.ch/photo-forensics/,"A set of tools for digital image forensics, including error level analysis, metadata extraction, and noise analysis.",Image & Video Analysis,,
Flightradar24,https://www.flightradar24.com,A popular flight tracking service that provides real-time information on thousands of aircraft around the world.,Geospatial & Maps,,
MarineTraffic,https://www.marinetraffic.com/,A popular maritime analytics provider that offers real-time and historical information on the movements of ships.,Geospatial & Maps,,
CAT UXO,https://cat-uxo.com/,A website with a huge database of munitions from around the world.,Uncategorized,,
Bulletpicker.com,https://bulletpicker.com/,A reference tool for small arms cartridges.,Uncategorized,,
Wayback Machine,https://web.archive.org/,"A digital archive of the World Wide Web, with billions of saved web pages.",Uncategorized,,
Archive.today,https://archive.ph/,A web archiving service that can save a snapshot of a web page.,Uncategorized,,
Hunchly,https://hunch.ly/,A web capture tool for online investigations.,Uncategorized,,
Twitter Advanced Search,https://twitter.com/search-advanced,"Twitter's advanced search function, with a range of filters for finding specific tweets.",Social Media Intelligence,,
Who posted what?,https://whopostedwhat.com/,A tool for finding Facebook posts from a specific time and location.,Geospatial & Maps,,
TGStat,https://tgstat.com/,A catalogue of Telegram channels and groups.,Social Media Intelligence,,
Hunchly,https://www.hunch.ly/,Evidence Capture & Documentation,Uncategorized,,
OSIRT,http://osirtbrowser.com/,Evidence Capture & Documentation,Uncategorized,,
Monosnap,https://monosnap.com/,Evidence Capture & Documentation,Uncategorized,,
Greenshot,https://getgreenshot.org/,Evidence Capture & Documentation,Uncategorized,,
Take Webpage Screenshots Entirely,https://chrome.google.com/webstore/detail/take-webpage-screenshots/mcbpblocgmgfnpjjppndjkmgjaogfceg?hl=en,Evidence Capture & Documentation,Uncategorized,,
Full Web Page Screenshots,https://addons.mozilla.org/nb-NO/firefox/addon/fireshot/,Evidence Capture & Documentation,Uncategorized,,
Windows Snipping Tool,https://support.microsoft.com/en-us/windows/use-snipping-tool-to-capture-screenshots-00246869-1843-655f-f220-97299b865f6b,Evidence Capture & Documentation,Domain & IP Intelligence,,
Vivaldi Screenshot Capture,https://help.vivaldi.com/desktop/tools/capture-a-screenshot/,Evidence Capture & Documentation,Uncategorized,,
Mac Screenshot,https://support.apple.com/en-gb/HT201361,Evidence Capture & Documentation,Uncategorized,,
Shutter,https://launchpad.net/shutter,Evidence Capture & Documentation,Uncategorized,,
GIJN Guide to Saving Online Evidence (Part One),https://gijn.org/2016/03/07/how-to-save-online-evidence-and-why-it-matters-part-one/,Evidence Capture & Documentation,Verification & Resources,,
GIJN Guide to Saving Online Evidence (Part Two),https://gijn.org/2016/03/08/how-to-save-online-evidence-and-why-it-matters-part-two/,Evidence Capture & Documentation,Verification & Resources,,
Rapid Data Visualization,https://www.osintcombine.com/post/rapid-data-visualization,Data Visualization & Analysis,Verification & Resources,,
OCCRP Visualization Tools,https://vis.occrp.org/,Data Visualization & Analysis,Uncategorized,,
Public Tableau,https://public.tableau.com/s/,Data Visualization & Analysis,Uncategorized,,
Chartblocks,https://www.chartblocks.com/en,Data Visualization & Analysis,Uncategorized,,
Timeline JS,http://timeline.knightlab.com/,Data Visualization & Analysis,Uncategorized,,
StoryMap JS,https://storymap.knightlab.com/,Data Visualization & Analysis,Dark Web & Anonymity,,
Gephi,https://gephi.org/,Data Visualization & Analysis,Uncategorized,,
Coggle,https://coggle.it/,Data Visualization & Analysis,Uncategorized,,
Social Network Visualizer,https://socnetv.org/,Data Visualization & Analysis,Domain & IP Intelligence,,
OSINT YOGA,https://yoga.osint.ninja/,Data Visualization & Analysis,Uncategorized,,
NetDraw,https://sites.google.com/site/netdrawsoftware/download,Data Visualization & Analysis,Uncategorized,,
XMind,https://www.xmind.net/,Data Visualization & Analysis,Uncategorized,,
Category,,Tools Count,Uncategorized,,
Geospatial & Maps,,80+,Geospatial & Maps,,
Social Media Intelligence,,75+,Social Media Intelligence,,
Image & Video Analysis,,28+,Image & Video Analysis,,
Domain & IP Intelligence,,14+,Domain & IP Intelligence,,
People Search & Usernames,,9+,People Search & Usernames,,
Transportation Tracking,,9+,Transportation Tracking,,
News & Event Monitoring,,7+,News & Event Monitoring,,
Dark Web & Anonymity,,43+,Dark Web & Anonymity,,
OPSEC & Privacy,,47+,OPSEC & Privacy,,
Verification & Resources,,16+,Verification & Resources,,
Extensions & Utilities,,19+,Extensions & Utilities,,
Whonix,"https://www.whonix.org/wiki/Comparison_Of_Tor_with_CGI_Proxies,_Proxy_Chains,_and_VPN_Services","An OS designed for advanced security and privacy, consisting of two main parts: one runs Tor and ...",OPSEC & Privacy,,
DNS.WATCH,https://dns.watch/index,"A free, uncensored, and privacy-respecting DNS provider.",OPSEC & Privacy,,
Quad9,https://www.quad9.net/,A free DNS service that blocks malicious domains.,OPSEC & Privacy,,
Howtoverify.info,https://www.howtoverify.info/,Howtoverify.info,Verification & Resources,,
Google search,https://support.google.com/websearch/answer/2466433?p=adv_operators&hl=en&rd=1,Google search,Verification & Resources,,
SnapMap,https://firstdraftnews.com/snapchat-map-newsgathering/,SnapMap,Verification & Resources,,
SnapMap1,http://www.niemanlab.org/2017/11/snap-maps-offered-real-time-coverage-of-tuesdays-terror-attacks-in-manhattan-plus-a-lot-of-emoji/?utm_content=bufferf62ae&utm_medium=social&utm_source=twitter.com&utm_campaign=buffer,SnapMap1,Verification & Resources,,
FirstDraftNewsCheck,https://chrome.google.com/webstore/detail/firstdraftnewscheck/japockpeaaanknlkhagilkgcledilbfk,FirstDraftNewsCheck,News & Event Monitoring,,
Truly Media,http://www.truly.media/,Truly Media,Verification & Resources,,
- YouTube,https://www.youtube.com/watch?v=lFT1GTr7pqw&list=PLq6cQ--4f90icDJUwiGcPrFFLLguuZ0ht&index=7,- YouTube,Verification & Resources,,
Video Verification,https://www.bellingcat.com/resources/how-tos/2017/06/30/advanced-guide-verifying-video-content/,Video Verification,Image & Video Analysis,,
RevEye Image Search,https://chrome.google.com/webstore/detail/reveye-reverse-image-sear/keaaclcjhehbbapnphnmpiklalfhelgf?hl=en,RevEye Image Search,Image & Video Analysis,,
This Deepfake Tool Can Make Someone Say Nearly Anything - YouTube,https://www.youtube.com/watch?v=347jdBs-mRU,This Deepfake Tool Can Make Someone Say Nearly Anything - YouTube,Image & Video Analysis,,
The ethics of deepfakes aren’t always black and white,https://thenextweb.com/podium/2019/06/16/the-ethics-of-deepfakes-arent-always-black-and-white/,The ethics of deepfakes aren’t always black and white,Image & Video Analysis,,
The Best (And Scariest) Examples Of AI-Enabled Deepfakes,https://www.forbes.com/sites/bernardmarr/2019/07/22/the-best-and-scariest-examples-of-ai-enabled-deepfakes/,The Best (And Scariest) Examples Of AI-Enabled Deepfakes,Image & Video Analysis,,
"Deepfake videos pose a threat, but 'dumbfakes' may be worse",https://apnews.com/e810e38894bf4686ad9d0839b6cef93d,"Deepfake videos pose a threat, but 'dumbfakes' may be worse",Image & Video Analysis,,
You Stitch It! – Create Panoramas From Videos or Photos,https://www.youstitch.it/,You Stitch It! – Create Panoramas From Videos or Photos,Geospatial & Maps,,
Remove Exif data,http://www.verexif.com/en/,Remove Exif data,Image & Video Analysis,,
Colorize Black and White Photos,https://demos.algorithmia.com/colorize-photos,Colorize Black and White Photos,Image & Video Analysis,,
Identify a webcam model,https://www.linkedin.com/posts/activity-7219993756777758720-KoOh/?utm_source=share&utm_medium=member_ios,Identify a webcam model,Image & Video Analysis,,
Image super-resolution and enhancement,https://letsenhance.io/,Image super-resolution and enhancement,Image & Video Analysis,,
Background Removal,https://online.photoscissors.com/,Background Removal,Image & Video Analysis,,
Compare two images,https://www.diffchecker.com/image-diff,Compare two images,Image & Video Analysis,,
Video Indexer,https://www.videoindexer.ai/account/login,Video Indexer,Image & Video Analysis,,
I2P Network,https://geti2p.net/en/,An anonymous network layer (Invisible Internet Project),OPSEC & Privacy,,
Freenet,https://freenetproject.org/,A peer-to-peer platform for censorship-resistant communication,Domain & IP Intelligence,,
Zeronet,https://zeronet.io/,"Decentralized, peer-to-peer web-like network",Domain & IP Intelligence,,
Lokinet,https://lokinet.org/,"An anonymous, decentralized networking layer",OPSEC & Privacy,,
GNUnet,https://gnunet.org/en/,A framework for secure peer-to-peer networking,OPSEC & Privacy,,
Yggdrasil,https://yggdrasil-network.github.io/,An end-to-end encrypted IPv6 network,Domain & IP Intelligence,,
Ahmia,https://ahmia.fi/,Clearnet,Dark Web & Anonymity,,
Darksearch,https://darksearch.io/,Clearnet,Dark Web & Anonymity,,
OnionLand Search,https://onionlandsearchengine.com/,Clearnet,Dark Web & Anonymity,,
Tor66,http://tor66sewebgixwhcqfnp5inzp5x5uohhdy3kvtnyfxc2e5mxiuh34iid.onion/,.onion,Dark Web & Anonymity,,
Torch,http://xmh57jrknzkhv6y3ls3ubitzfqnkrwxhopf5aygthi7d6rplyvk3noyd.onion/,.onion,Dark Web & Anonymity,,
Haystak,http://haystakvxad7wbk5.onion/,.onion,Dark Web & Anonymity,,
Recon,https://reconponydonugup.onion/,.onion,Dark Web & Anonymity,,
I2p Search,https://i2psearch.com/,Clearnet,Dark Web & Anonymity,,
OnionScan,https://onionscan.org/,Web Tool,Dark Web & Anonymity,,
Dark Tracer,https://darktracer.io/,Web Tool,Dark Web & Anonymity,,
TorWhois,https://torwhois.com/,Web Tool,Domain & IP Intelligence,,
ExoneraTor,https://exonerator.torproject.org/,Web Tool,Dark Web & Anonymity,,
Deep-Explorer,https://github.com/blueudp/Deep-Explorer,GitHub,Dark Web & Anonymity,,
TorBot,https://github.com/DedSecInside/TorBot,GitHub,Dark Web & Anonymity,,
OSINT.party Garlic,https://osint.party/,Web Tool,Dark Web & Anonymity,,
ZoomEye,https://www.zoomeye.org/,Web Tool,Dark Web & Anonymity,,
Have I Been Pwned?,https://haveibeenpwned.com/,Check if your email or phone is in a data breach,Dark Web & Anonymity,,
BreachDirectory,https://breachdirectory.org/,Large repository of breached data,Dark Web & Anonymity,,
Cit0day Email Lookup,https://breach.myosint.com/,Lookup tool for the massive Cit0day breach,Dark Web & Anonymity,,
Doxbin,https://doxbin.org/,Document sharing website known for publishing personal information,Dark Web & Anonymity,,
MIT PGP Key Server,https://pgp.mit.edu/,Public server for finding PGP keys,Dark Web & Anonymity,,
PGP Global Directory,https://keyserver.pgp.com/vkd/GetWelcomeScreen.event,Global directory for PGP keys,Dark Web & Anonymity,,
PGP Tutorial for Beginners,https://www.pitt.edu/~poole/PGP.htm,Guide to understanding and using PGP,Dark Web & Anonymity,,
Dark Fail,https://dark.fail/,Checks which darknet sites are online and provides verified links,Dark Web & Anonymity,,
Hidden Services Today,https://hidden-services.today/,List of active hidden services,Dark Web & Anonymity,,
DNStats,https://dnstats.net/,Darknet market status and uptime checker,Domain & IP Intelligence,,
r/onions (Reddit),https://www.reddit.com/r/onions/,Subreddit for discussing and sharing .onion sites,Social Media Intelligence,,
Dark Web Searching,https://www.osintcombine.com/post/dark-web-searching,Article,Dark Web & Anonymity,,
"Don't Hesitate, Isolate (Your Virtual Machine)",https://osintcurio.us/2020/12/07/dont-hesitate-isolate-your-virtual-machine/,Article,Dark Web & Anonymity,,
How Does Tor Really Work?,https://skerritt.blog/how-does-tor-really-work/,Article,Dark Web & Anonymity,,
Dark Web Resources,https://sites.google.com/view/the-dark-net/home,Google Site,Dark Web & Anonymity,,
Dark Web Academy,https://www.darkwebacademy.com/,Website,Dark Web & Anonymity,,
Onion Routing - Computerphile,https://www.youtube.com/watch?v=QRYzre4bf7I,Video,Image & Video Analysis,,
Darknet Market Archives (2013-2015),https://www.gwern.net/DNM-archives,Archive,Dark Web & Anonymity,,
Tweetdeck,https://tweetdeck.twitter.com/#,Advanced Twitter dashboard for monitoring multiple timelines.,Social Media Intelligence,,
Crowdtangle,https://apps.crowdtangle.com/,Facebook-owned tool for tracking public content across social media.,Social Media Intelligence,,
Reddit User Analyser,https://atomiks.github.io/reddit-user-analyser/,Analyze a Reddit user's post history and statistics.,Social Media Intelligence,,
Reddit Search (Camas.unddit.com),https://camas.unddit.com/,An advanced search tool for Reddit comments and posts.,Social Media Intelligence,,
SnapMap,https://map.snapchat.com/,View public snaps submitted from locations around the world.,Geospatial & Maps,,
Disboard,https://disboard.org/de/search,A search engine for finding Discord servers.,Social Media Intelligence,,
StorySaver.net,https://www.storysaver.net/,Download Instagram stories anonymously.,OPSEC & Privacy,,
SnapTik,https://snaptik.app/,Download TikTok videos without watermarks.,Social Media Intelligence,,
IntelligenceX (Telegram Search),https://intelx.io/tools?tab=telegram,Search tool for Telegram content indexed by Intelligence X.,Social Media Intelligence,,
TelepathyDB (Beta),https://telepathydb.com/,Telegram OSINT database.,Social Media Intelligence,,
Twxplorer,https://twxplorer.knightlab.com/,A tool for making sense of Twitter search results by topic.,Social Media Intelligence,,
WhoPostedWhat,https://whopostedwhat.com/,A non-public tool for searching Facebook by keywords and dates.,Social Media Intelligence,,
Rdddeck.com,https://rdddeck.com/,Rdddeck.com,Social Media Intelligence,,
LiveUMap,https://myanmar.liveuamap.com/,LiveUMap,Social Media Intelligence,,
Human Rights News,https://reliefweb.int/,Human Rights News,News & Event Monitoring,,
EVNSocialNewswire,https://www.evnsocialnewswire.ch/,EVNSocialNewswire,News & Event Monitoring,,
Advanced Search Operators (Google),https://docs.google.com/document/d/1ydVaJJeL1EYbWtlfj9TPfBTE5IBADkQfZrQaBZxqXGs/edit?fbclid=IwAR3Iape2uggcHOGgEPnmQF_pfjFCtxjDaAwKXUjjulSP0y7l8tbgUbfMcXo,Advanced Search Operators (Google),Social Media Intelligence,,
TweetDeck,https://tweetdeck.twitter.com/#,TweetDeck,Social Media Intelligence,,
Twitter Operators,https://www.labnol.org/internet/twitter-search-tricks/13693/,Twitter Operators,Social Media Intelligence,,
BirdHunt (geocode),https://birdhunt.co/,BirdHunt (geocode),Social Media Intelligence,,
Mentionmapp (Topic),http://mentionmapp.com/,Mentionmapp (Topic),Social Media Intelligence,,
Trends24 (Topic),https://trends24.in/,Trends24 (Topic),Social Media Intelligence,,
Tweetmap (Topic),http://www.onemilliontweetmap.com/,Tweetmap (Topic),Social Media Intelligence,,
Trendsmap (Topic),https://www.trendsmap.com/,Trendsmap (Topic),Social Media Intelligence,,
Twitter List Copy,http://projects.noahliebman.net/listcopy/index.php,Twitter List Copy,Social Media Intelligence,,
Twitter lists via Google,https://twitter.com/henkvaness/status/996985124817338369,Twitter lists via Google,Social Media Intelligence,,
TweetBeaver (Source),http://tweetbeaver.com/,TweetBeaver (Source),Social Media Intelligence,,
Twitter Video Downloader Online,https://twdown.net/,Twitter Video Downloader Online,Social Media Intelligence,,
AccountAnalysis (Source),https://accountanalysis.lucahammer.com/,AccountAnalysis (Source),Social Media Intelligence,,
Videos download,http://www.downloadtwittervideo.com/de/,Videos download,Social Media Intelligence,,
Epoch Converter,https://www.epochconverter.com/,Epoch Converter,Social Media Intelligence,,
GraphTips (Topic/Source),http://graph.tips/,GraphTips (Topic/Source),Social Media Intelligence,,
WhoPostedWhat (Source),https://whopostedwhat.com/,WhoPostedWhat (Source),Social Media Intelligence,,
IntelligenceX (Topic/Source),https://intelx.io/tools?tab=facebook,IntelligenceX (Topic/Source),Social Media Intelligence,,
Formular:Lang&location,https://twitter.com/henkvaness/status/1062672054477078528,Formular:Lang&location,Geospatial & Maps,,
Facebook Video Downloader (Chrome plugin),https://www.fbdown.net/,Facebook Video Downloader (Chrome plugin),Social Media Intelligence,,
Ad Analyse,https://www.facebook.com/politicalcontentads,Ad Analyse,Social Media Intelligence,,
Facebook Video Downloader Online,https://fdown.net/,Facebook Video Downloader Online,Social Media Intelligence,,
Location & Time (Youtube),https://mattw.io/youtube-geofind/location,Location & Time (Youtube),Geospatial & Maps,,
FramebyFrame,http://www.watchframebyframe.com/,FramebyFrame,Social Media Intelligence,,
Download,https://en.y2mate.is/301/,Download,Social Media Intelligence,,
Data Viewer,http://citizenevidence.amnestyusa.org/,Data Viewer,Social Media Intelligence,,
DownloadDeturl,http://deturl.com/,DownloadDeturl,Social Media Intelligence,,
YouTube Converter & Downloader,https://www.onlinevideoconverter.com/de/youtube-converter,YouTube Converter & Downloader,Social Media Intelligence,,
DownloadVideos/Audios,https://www.y2mate.com/de/home,DownloadVideos/Audios,Social Media Intelligence,,
Reddit (Source),https://atomiks.github.io/reddit-user-analyser/,Reddit (Source),Social Media Intelligence,,
Reddit Tweetdeck,https://rdddeck.com/,Reddit Tweetdeck,Social Media Intelligence,,
Reverse (Reddit),http://karmadecay.com/,Reverse (Reddit),Social Media Intelligence,,
Reddit Search,https://camas.unddit.com/,Reddit Search,Social Media Intelligence,,
SnapMap,"https://map.snapchat.com/@50.958500,6.924390,12.00z",SnapMap,Social Media Intelligence,,
Discord search,https://disboard.org/de/search,Discord search,Social Media Intelligence,,
GitHub (Insta),https://github.com/sc1341/InstagramOSINT,GitHub (Insta),Social Media Intelligence,,
Download Insta Stories,https://www.storysaver.net/,Download Insta Stories,Social Media Intelligence,,
Instagram search,https://www.instagram.com/juannaba/,Instagram search,Social Media Intelligence,,
Instagram locations,https://www.instagram.com/explore/locations/,Instagram locations,Geospatial & Maps,,
Tutorial-Search (TikTok),https://docs.google.com/document/d/1dasZ8tCdM12Nwhw0Z-07od-ASMU5Z2uZ1LAgPH7Jhdo/edit,Tutorial-Search (TikTok),Social Media Intelligence,,
Download TikTok Videos Without Watermark For Free - TikTok Video Downloader online,https://snaptik.app/,Download TikTok Videos Without Watermark For Free - TikTok Video Downloader online,Social Media Intelligence,,
Search #s TikTok via Google,https://www.google.com/search?q=site%3Atiktok.com%2Ftag+puthashtagyouwanttosearchhere&rlz=1C5CHFA_enDE931DE939&oq=site%3Atiktok.com%2Ftag+puthashtagyouwanttosearchhere&aqs=chrome.0.69i59j69i58.741j0j9&sourceid=chrome&ie=UTF-8,Search #s TikTok via Google,Social Media Intelligence,,
Search user without exact username (TikTok),inurl:https://m.tiktok.com/h5/share/usr filetype:html julia,Search user without exact username (TikTok),Social Media Intelligence,,
Download social media videos without tools,https://www.osintcombine.com/post/download-social-media-videos-without-tools,Download social media videos without tools,Social Media Intelligence,,
OSINT on Discord: a guide,https://authentic8.com/blog/collecting-osint-discord-guide?utm_source=osint_newsletter&utm_medium=thirdparty,OSINT on Discord: a guide,Social Media Intelligence,,
"GitHub - ItIsMeCall911/Awesome-Telegram-OSINT: 📚 A Curated List of Awesome Telegram OSINT Tools, Sites & Resources",https://github.com/ItIsMeCall911/Awesome-Telegram-OSINT?utm_campaign=The%20OSINT%20Newsletter&utm_medium=email&utm_source=Revue%20newsletter,"GitHub - ItIsMeCall911/Awesome-Telegram-OSINT: 📚 A Curated List of Awesome Telegram OSINT Tools, ...",Social Media Intelligence,,
Intelligence X (Telgago),https://intelx.io/tools?tab=telegram,Intelligence X (Telgago),Social Media Intelligence,,
Search.buzz,https://search.buzz.im/,Search.buzz,Social Media Intelligence,,
Telemetr (reach of channels),http://telemetr.io/,Telemetr (reach of channels),Social Media Intelligence,,
Telegram Search,https://tgstat.com/search,Telegram Search,Social Media Intelligence,,
Telegram channel rating,https://telemetr.io/en/channels,Telegram channel rating,Social Media Intelligence,,
Telegram-OSINT,https://github.com/ItIsMeCall911/Awesome-Telegram-OSINT#-search-engines,Telegram-OSINT,Social Media Intelligence,,
WhatsMyName.app,https://whatsmyname.app/,Checks for a username across hundreds of sites.,People Search & Usernames,,
KnowEm,https://knowem.com/,Searches for usernames on social networks and domains.,Domain & IP Intelligence,,
Namechk,https://namechk.com/,Checks for username and domain name availability.,Domain & IP Intelligence,,
Have I Been Pwned?,https://haveibeenpwned.com/,Check if an email address or phone number has been in a data breach.,People Search & Usernames,,
Pipl,https://pipl.com/,A deep search engine for people's profiles (paid).,Domain & IP Intelligence,,
PeekYou,https://www.peekyou.com/,People search engine that indexes links to public social pages.,People Search & Usernames,,
Whitepages,https://www.whitepages.com/,"Find people, phone numbers, and addresses in the US.",People Search & Usernames,,
Epieos Google Account Tool,https://tools.epieos.com/google-account.php,Find a Google Account ID and other info from a Gmail address.,People Search & Usernames,,
Using Lampyre for Basic Email and Phone Number OSINT,https://medium.com/@raebaker/using-lampyre-for-basic-email-and-phone-number-osint-e0e36c710880,Using Lampyre for Basic Email and Phone Number OSINT,People Search & Usernames,,
RevEye Reverse Image Search,https://chrome.google.com/webstore/detail/reveye-reverse-image-sear/keaaclcjhehbbapnphnmpiklalfhelgf?hl=en,Quickly search an image on multiple reverse image search engines.,Image & Video Analysis,,
Map Switcher,https://chrome.google.com/webstore/detail/map-switcher/fanpjcbgdinjeknjikpfnldfpnnpkelb,Instantly switch between different map providers for the same location.,Geospatial & Maps,,
CrowdTangle Link Checker,https://chrome.google.com/webstore/detail/crowdtangle-link-checker/klakndphagmmfkpelfkgjbkimjihpmkh,See who has shared a link across social media.,Social Media Intelligence,,
Fireshot,https://chrome.google.com/webstore/detail/take-webpage-screenshots/mcbpblocgmgfnpjjppndjkmgjaogfceg?hl=de,Capture full webpage screenshots.,Extensions & Utilities,,
Hunch.ly,https://www.hunch.ly/,"A premium OSINT extension for capturing, documenting, and organizing your investigation.",Extensions & Utilities,,
Treeverse,https://chrome.google.com/webstore/detail/treeverse/aahmjdadniahaicebomlagekkcnlcila,A tool for visualizing and navigating Twitter conversations.,Social Media Intelligence,,
Map switcher,https://chrome.google.com/webstore/detail/map-switcher/fanpjcbgdinjeknjikpfnldfpnnpkelb,Map switcher,Extensions & Utilities,,
Google Translate,https://chrome.google.com/webstore/detail/google-translate/aapbdbdomjkkjkaonfhkkikfgjllcleb,Google Translate,Extensions & Utilities,,
Keep for Chrome,https://chrome.google.com/webstore/detail/keep-for-chrome/ghhhikeonlfpibbaibecmiellnmaikoh,Keep for Chrome,Extensions & Utilities,,
360social,https://chrome.google.com/webstore/detail/360social/bplilbogidkdmacifmkmciboihbcchom,360social,Extensions & Utilities,,
CrowdTangle Link Checker,https://chrome.google.com/webstore/detail/crowdtangle-link-checker/klakndphagmmfkpelfkgjbkimjihpmkh,CrowdTangle Link Checker,Extensions & Utilities,,
Falcon,https://chrome.google.com/webstore/detail/falcon/fcbcnboheaijdfnkchlbeilgmaebdogd,Falcon,Extensions & Utilities,,
Mappeo,https://chrome.google.com/webstore/detail/mappeo/lnempicjilmahngopecohbcbldlijkib,Mappeo,Extensions & Utilities,,
Storyful Multisearch,https://chrome.google.com/webstore/detail/storyful-multisearch/hkglibabhninbjmaccpajiakojeacnaf,Storyful Multisearch,Dark Web & Anonymity,,
VideoVault,https://chrome.google.com/webstore/detail/videovault-for-chrome/onoidkfboifjpllldnfnaebfigijckmk,VideoVault,Image & Video Analysis,,
Go Back In Time,https://chrome.google.com/webstore/detail/go-back-in-time/hgdahcpipmgehmaaankiglanlgljlakj,Go Back In Time,Extensions & Utilities,,
Extensions Manager,https://chrome.google.com/webstore/detail/extensions-manager/kllcckbicipekmojkcopeameajngoomf,Extensions Manager,Extensions & Utilities,,
Ghostery – identify Google AdSense IDs,https://chrome.google.com/webstore/detail/ghostery-%E2%80%93-privacy-ad-blo/mlomiejdfkolichcflejclcbmpeaniij?hl=en,Ghostery – identify Google AdSense IDs,Extensions & Utilities,,
Baidu Map,http://map.baidu.com/,Primary mapping service for China.,Geospatial & Maps,,
Bing Maps,https://www.bing.com/maps/,Includes Bird's Eye view.,Geospatial & Maps,,
Wikimapia,http://wikimapia.org/#lang=de&lat=51.529000&lon=7.480200&z=12&m=b,Crowdsourced map of places.,Geospatial & Maps,,
OpenStreetMap,http.openstreetmap.org/#map=6/51.330/10.453,"Open-source, community-driven map data.",Geospatial & Maps,,
Dual Maps,http://data.mashedworld.com/dualmaps/map.htm,View two map providers side-by-side.,Geospatial & Maps,,
Sentinel Playground,https://apps.sentinel-hub.com/sentinel-playground/,Browser for Sentinel satellite imagery.,Geospatial & Maps,,
Google Earth,"https://earth.google.com/web/@0,0,0a,22251752.77375655d,35y,0h,0t,0r",3D representation of Earth based on satellite imagery.,Geospatial & Maps,,
Zoom.earth,https://zoom.earth/,Displays live weather satellite images and storm history.,Geospatial & Maps,,
PeakFinder,https://www.peakfinder.org/,Identifies mountains and peaks with a panoramic view.,Geospatial & Maps,,
Wayback Imagery,http://livingatlas.arcgis.com/wayback,Archive of historical satellite imagery from Esri.,Geospatial & Maps,,
Descartes Labs: Search,https://search.descarteslabs.com/,Searchable satellite imagery platform.,Geospatial & Maps,,
Tencent Maps (China),https://map.qq.com/#,A major mapping service in China.,Geospatial & Maps,,
Amap (China),https://www.amap.com/,Chinese mapping service with street view pictures.,Geospatial & Maps,,
HERE WeGo - Satellite,https://wego.here.com/,Global mapping service with multiple data layers.,Geospatial & Maps,,
Bing SAT - Bird´s eye (nesw),https://www.bing.com/maps?&cp=50.941157~6.958324&lvl=20&sty=o&w=100%&dir=0,Bing SAT - Bird´s eye (nesw),Geospatial & Maps,,
SPOT – the easy way to find locations,https://www.findthatspot.io/,SPOT – the easy way to find locations,Geospatial & Maps,,
OpenStreetCam (Alternative GoogleStreetView),http://www.openstreetcam.org/,OpenStreetCam (Alternative GoogleStreetView),Geospatial & Maps,,
Map Switcher,https://chrome.google.com/webstore/detail/map-switcher/fanpjcbgdinjeknjikpfnldfpnnpkelb,Map Switcher,Geospatial & Maps,,
Guide to GeoGuessr — Plonk It,https://www.plonkit.net/guide,Guide to GeoGuessr — Plonk It,Geospatial & Maps,,
Latitude/Longitude Coordinates,https://www.latlong.net/,Latitude/Longitude Coordinates,Geospatial & Maps,,
Convert Latitude/Longitude to Decimal,https://andrew.hedges.name/experiments/convert_lat_long/,Convert Latitude/Longitude to Decimal,Geospatial & Maps,,
Geofind (Youtube),https://mattw.io/youtube-geofind/location,Geofind (Youtube),Geospatial & Maps,,
iTouchmap,https://www.itouchmap.com/,iTouchmap,Geospatial & Maps,,
GeoNames,http://www.geonames.org/,GeoNames,Geospatial & Maps,,
EarthExplorer,https://earthexplorer.usgs.gov/,EarthExplorer,Geospatial & Maps,,
Intelligence Techniques,https://inteltechniques.com/osint/maps.html,Intelligence Techniques,Geospatial & Maps,,
Interactive live map of conflict news,http://liveuamap.com/,Interactive live map of conflict news,News & Event Monitoring,,
Power Grid,https://nadoloni.com/power.html#6/49/23,Power Grid,Geospatial & Maps,,
Directory of Cities and Towns in World,http://www.fallingrain.com/world/index.html,Directory of Cities and Towns in World,Geospatial & Maps,,
Panorama,https://www.udeuschle.de/panoramas/makepanoramas_en.htm,Panorama,Geospatial & Maps,,
MapChecking - People on a square,"https://www.mapchecking.com/#1;48.8629656,2.2869780,18",MapChecking - People on a square,Geospatial & Maps,,
Transform coordinates (baidu),https://tool.lu/coordinate/,Transform coordinates (baidu),Geospatial & Maps,,
Linklist - Geospatial,,[https://sector035.nl/links/geospatial](https://sector035.nl/links/geospatial),Geospatial & Maps,,
3D map of the world by PeakVisor,https://peakvisor.com/panorama.html?lat=45.9420159&lng=7.8699421&alt=4598,3D map of the world by PeakVisor,Geospatial & Maps,,
SnapMap,"https://map.snapchat.com/@50.958500,6.924390,12.00z",SnapMap,Geospatial & Maps,,
Afghanistan.liveuamap.com,https://afghanistan.liveuamap.com/,Afghanistan.liveuamap.com,Geospatial & Maps,,
Twitter Location,https://medium.com/1st-draft/quick-guide-finding-eyewitness-media-from-an-exact-location-on-twitter-1fa28f48838a,Twitter Location,Geospatial & Maps,,
SnapMap,https://firstdraftnews.com/snapchat-map-newsgathering/,SnapMap,Geospatial & Maps,,
SnapMap1,http://www.niemanlab.org/2017/11/snap-maps-offered-real-time-coverage-of-tuesdays-terror-attacks-in-manhattan-plus-a-lot-of-emoji/?utm_content=bufferf62ae&utm_medium=social&utm_source=twitter.com&utm_campaign=buffer,SnapMap1,Geospatial & Maps,,
Planet Explorer,https://www.planet.com/explorer/#,Planet Explorer,Geospatial & Maps,,
Discover Maxar,https://discover.maxar.com/,Discover Maxar,Geospatial & Maps,,
Sentinel Playground,,"[https://apps.sentinel-hub.com/sentinel-playground/?source=S2&lat=40.4&lng=-3.73&zoom=12&preset=1-NATURAL-COLOR&layers=B01,B02,B03&maxcc=20&gain=1.0&gamma=1.0&time=2020-02-01%7C2020-08-19&atmFilter=&showDates=false](https://apps.sentinel-hub.com/sentinel-playground/?source=S2&lat=40.4&lng=-3.73&zoom=12&preset=1-NATURAL-COLOR&layers=B01,B02,B03&maxcc=20&gain=1.0&gamma=1.0&time=2020-02-01%7C2020-08-19&atmFilter=&showDates=false)",Geospatial & Maps,,
Sentinel Hub EO Browser,https://apps.sentinel-hub.com/eo-browser/?zoom=10&lat=41.57025&lng=12.0623&themeId=DEFAULT-THEME,Sentinel Hub EO Browser,Geospatial & Maps,,
Apollomapping.com,https://apollomapping.com/,Apollomapping.com,Geospatial & Maps,,
🗺Compare Satellite Imagery 🛰,https://mc.bbbike.org/mc/#,🗺Compare Satellite Imagery 🛰,Geospatial & Maps,,
Satellites.pro,https://satellites.pro/,Satellites.pro,Geospatial & Maps,,
Soar.earth,https://soar.earth/,Soar.earth,Geospatial & Maps,,
OpenAerialMap,https://openaerialmap.org/,OpenAerialMap,Geospatial & Maps,,
"Radius, Distance, Area calculator",https://www.freemaptools.com/,"Radius, Distance, Area calculator",Geospatial & Maps,,
Crisis Region Interactive map,https://liveuamap.com/#,Crisis Region Interactive map,Geospatial & Maps,,
old Terraserver (paid),https://www.precisionhawk.com/satellite,old Terraserver (paid),Geospatial & Maps,,
Storm historical data,https://zoom.earth/,Storm historical data,Geospatial & Maps,,
Weather documentation with S I,"https://eos.com/landviewer/?lat=37.15290&lng=36.06550&z=15&id=S2A_tile_20190521_37SBB_1&b=Red,Green,Blue&anti",Weather documentation with S I,Geospatial & Maps,,
Wayback Imagery,http://livingatlas.arcgis.com/wayback,Wayback Imagery,Geospatial & Maps,,
Street signs,https://en.wikipedia.org/wiki/Comparison_of_European_road_signs#Warning,Street signs,Geospatial & Maps,,
Rail Cab Rides,https://railcabrides.com/en/,Rail Cab Rides,Geospatial & Maps,,
Search from a different location & device,http://isearchfrom.com/,Search from a different location & device,Geospatial & Maps,,
License Plates of the World,http://worldlicenseplates.com/,License Plates of the World,Geospatial & Maps,,
Train Germany,http://www.apps-bahn.de/bin/livemap/query-livemap.exe/dn?L=vs_livefahrplan&livemap,Train Germany,Geospatial & Maps,,
World time,https://www.timeanddate.de/,World time,Geospatial & Maps,,
Wetter Germany,https://kachelmannwetter.com/de/,Wetter Germany,Geospatial & Maps,,
Sonnenverlauf,"https://www.sonnenverlauf.de/#/49.495,11.073,5/2017.11.10/12:52/1/0",Sonnenverlauf,Geospatial & Maps,,
Weather Underground,https://www.wunderground.com/,Weather Underground,Geospatial & Maps,,
Mooncalc,"https://www.mondverlauf.de/#/50.9421,6.9582,17/2018.03.06/21:53/1/2",Mooncalc,Geospatial & Maps,,
Time converter,https://www.worldtimebuddy.com/,Time converter,Geospatial & Maps,,
ShadowCalculator,http://shadowcalculator.eu/,ShadowCalculator,Geospatial & Maps,,
Wind & Webcams,"https://www.windy.com/station/wmo-10384?satellite,52.467,13.400,8",Wind & Webcams,Geospatial & Maps,,
Mappeo,https://chrome.google.com/webstore/detail/mappeo/lnempicjilmahngopecohbcbldlijkib,Mappeo,Geospatial & Maps,,
Wifi network,https://wigle.net/mapsearch?maplat=37.7656&maplon=-122.4246&mapzoom=12,Wifi network,Geospatial & Maps,,
Find GSM base stations cell id coordinates,https://cellidfinder.com/,Find GSM base stations cell id coordinates,Geospatial & Maps,,
Map IPs,https://ipinfo.io/map,Map IPs,Geospatial & Maps,,
Whois.com,https://www.whois.com/,Standard WHOIS lookup for domain registration data.,Geospatial & Maps,,
Whoisology,https://whoisology.com/,Historical WHOIS data and registrant connections.,Geospatial & Maps,,
ViewDNS.info,https://viewdns.info/,A comprehensive suite of DNS and IP tools.,Domain & IP Intelligence,,
crt.sh,https://crt.sh/,Search for SSL/TLS certificates issued for a domain to find subdomains.,Domain & IP Intelligence,,
Wigle,https://wigle.net/,"A global database of wireless networks, searchable by map.",Domain & IP Intelligence,,
Cellidfinder,https://cellidfinder.com/,Find coordinates for GSM base stations.,Domain & IP Intelligence,,
IPinfo.io Map,https://ipinfo.io/map,Visualize the location of IP addresses on a map.,Geospatial & Maps,,
Web Archives,https://archive.org/advancedsearch.php,Web Archives,Domain & IP Intelligence,,
ISearchFrom - Google,http://isearchfrom.com/,ISearchFrom - Google,Domain & IP Intelligence,,
Google Word Sniper,https://googlewordsniper.eu/,Google Word Sniper,Domain & IP Intelligence,,
DorkGPT,https://www.dorkgpt.com/,DorkGPT,Domain & IP Intelligence,,
Google search,verification-resources,Google search...,Uncategorized,,
RevEye Image Search,image-video,RevEye Image Search...,Image & Video Analysis,,
Darksearch,dark-web,Clearnet...,Uncategorized,,
OnionLand Search,dark-web,Clearnet...,Dark Web & Anonymity,,
I2p Search,dark-web,Clearnet...,Dark Web & Anonymity,,
Dark Web Searching,dark-web,Article...,Dark Web & Anonymity,,
Reddit Search (Camas.unddit.com),social-media,An advanced search tool for Reddit comments and posts....,Social Media Intelligence,,
Disboard,social-media,A search engine for finding Discord servers....,Uncategorized,,
IntelligenceX (Telegram Search),social-media,Search tool for Telegram content indexed by Intelligence X....,Social Media Intelligence,,
Twxplorer,social-media,A tool for making sense of Twitter search results by topic....,Social Media Intelligence,,
WhoPostedWhat,social-media,A non-public tool for searching Facebook by keywords and dates....,Social Media Intelligence,,
Advanced Search Operators (Google),social-media,Advanced Search Operators (Google)...,Dark Web & Anonymity,,
Reddit Search,social-media,Reddit Search...,Social Media Intelligence,,
Discord search,social-media,Discord search...,Uncategorized,,
Instagram search,social-media,Instagram search...,Social Media Intelligence,,
Tutorial-Search (TikTok),social-media,Tutorial-Search (TikTok)...,Social Media Intelligence,,
Search #s TikTok via Google,social-media,Search #s TikTok via Google...,Social Media Intelligence,,
Search user without exact username (TikTok),social-media,Search user without exact username (TikTok)...,Social Media Intelligence,,
Search.buzz,social-media,Search.buzz...,Uncategorized,,
Telegram Search,social-media,Telegram Search...,Social Media Intelligence,,
KnowEm,people-search,Searches for usernames on social networks and domains....,Domain & IP Intelligence,,
Pipl,people-search,A deep search engine for people's profiles (paid)....,Domain & IP Intelligence,,
PeekYou,people-search,People search engine that indexes links to public social pages....,People Search & Usernames,,
RevEye Reverse Image Search,extensions-utilities,Quickly search an image on multiple reverse image search engines....,Image & Video Analysis,,
Storyful Multisearch,extensions-utilities,Storyful Multisearch...,Dark Web & Anonymity,,
Descartes Labs: Search,geospatial-maps,Searchable satellite imagery platform....,Geospatial & Maps,,
Search from a different location & device,geospatial-maps,Search from a different location & device...,Geospatial & Maps,,
crt.sh,domain-ip,Search for SSL/TLS certificates issued for a domain to find subdomains....,Domain & IP Intelligence,,
Wigle,domain-ip,"A global database of wireless networks, searchable by map....",Domain & IP Intelligence,,
ISearchFrom - Google,domain-ip,ISearchFrom - Google...,Uncategorized,,
DorkGPT,domain-ip,DorkGPT...,Uncategorized,,
FirstDraftNewsCheck,verification-resources,FirstDraftNewsCheck...,News & Event Monitoring,,
OnionScan,dark-web,Web Tool...,Dark Web & Anonymity,,
Have I Been Pwned?,dark-web,Check if your email or phone is in a data breach...,Uncategorized,,
Dark Fail,dark-web,Checks which darknet sites are online and provides verified links...,Uncategorized,,
DNStats,dark-web,Darknet market status and uptime checker...,Domain & IP Intelligence,,
Reddit User Analyser,social-media,Analyze a Reddit user's post history and statistics....,Social Media Intelligence,,
AccountAnalysis (Source),social-media,AccountAnalysis (Source)...,Uncategorized,,
WhatsMyName.app,people-search,Checks for a username across hundreds of sites....,People Search & Usernames,,
Namechk,people-search,Checks for username and domain name availability....,Domain & IP Intelligence,,
Have I Been Pwned?,people-search,Check if an email address or phone number has been in a data breach....,Uncategorized,,
CrowdTangle Link Checker,extensions-utilities,See who has shared a link across social media....,Social Media Intelligence,,
Hunch.ly,extensions-utilities,"A premium OSINT extension for capturing, documenting, and organizing your invest...",Uncategorized,,
CrowdTangle Link Checker,extensions-utilities,CrowdTangle Link Checker...,Uncategorized,,
MapChecking - People on a square,geospatial-maps,MapChecking - People on a square...,Uncategorized,,
Google Dorks,domain-ip,"Free, powerful search operators",Dark Web & Anonymity,,
Have I Been Pwned,dark-web,Essential breach checking,Uncategorized,,
Category,,Last Updated,Uncategorized,,
Geospatial & Maps,,Active,Geospatial & Maps,,
Social Media Intelligence,,Active,Social Media Intelligence,,
OPSEC & Privacy,,Active,OPSEC & Privacy,,
Dark Web & Anonymity,,Active,Dark Web & Anonymity,,
Image & Video Analysis,,Active,Image & Video Analysis,,
Extensions & Utilities,,Active,Extensions & Utilities,,
Verification & Resources,,Active,Verification & Resources,,
Domain & IP Intelligence,,Active,Domain & IP Intelligence,,
Transportation Tracking,,Active,Transportation Tracking,,
People Search & Usernames,,Active,People Search & Usernames,,
News & Event Monitoring,,Active,News & Event Monitoring,,
